-- phpMyAdmin SQL Dump
-- version 4.7.3
-- https://www.phpmyadmin.net/
--
-- 主機: localhost
-- 產生時間： 2018 年 02 月 05 日 21:36
-- 伺服器版本: 5.5.56-log
-- PHP 版本： 5.6.31

SET SQL_MODE = "NO_AUTO_VALUE_ON_ZERO";
SET AUTOCOMMIT = 0;
START TRANSACTION;
SET time_zone = "+00:00";


/*!40101 SET @OLD_CHARACTER_SET_CLIENT=@@CHARACTER_SET_CLIENT */;
/*!40101 SET @OLD_CHARACTER_SET_RESULTS=@@CHARACTER_SET_RESULTS */;
/*!40101 SET @OLD_COLLATION_CONNECTION=@@COLLATION_CONNECTION */;
/*!40101 SET NAMES utf8mb4 */;

--
-- 資料庫： `sihalive`
--
CREATE DATABASE IF NOT EXISTS `sihalive` DEFAULT CHARACTER SET utf8 COLLATE utf8_general_ci;
USE `sihalive`;

-- --------------------------------------------------------

--
-- 資料表結構 `category`
--

DROP TABLE IF EXISTS `category`;
CREATE TABLE `category` (
  `ca_id` int(11) NOT NULL,
  `ca_name` varchar(20) NOT NULL
) ENGINE=InnoDB DEFAULT CHARSET=utf8;

--
-- 資料表的匯出資料 `category`
--

INSERT INTO `category` (`ca_id`, `ca_name`) VALUES
(2, 'BENTO'),
(4, 'Cake'),
(6, 'Drink'),
(5, 'Sandwich'),
(3, 'Snack'),
(1, 'Sushi');

-- --------------------------------------------------------

--
-- 資料表結構 `ci_sessions`
--

DROP TABLE IF EXISTS `ci_sessions`;
CREATE TABLE `ci_sessions` (
  `id` varchar(40) NOT NULL,
  `ip_address` varchar(45) NOT NULL,
  `timestamp` int(10) UNSIGNED NOT NULL DEFAULT '0',
  `data` blob NOT NULL
) ENGINE=InnoDB DEFAULT CHARSET=utf8;

--
-- 資料表的匯出資料 `ci_sessions`
--

INSERT INTO `ci_sessions` (`id`, `ip_address`, `timestamp`, `data`) VALUES
('l0jfsfpaga0j8qr3pe4mbsua4hja2o7b', '42.115.71.245', 1513601236, 0x5f5f63695f6c6173745f726567656e65726174657c693a313531333630313033363b656e63727970745f757365725f646174617c733a3137323a22546e5a49556c6b72535842685656417654544a6e61544e745932465259577035614456535a6d70355531646952454e585432394d51314a6d5657356e56455a7064565a6a5a5374764d47567361467030646e5a775a6b64524f4752364e325271593231355431526957574533546a677253474e69646b39456433424861573169556b6c6d656b6f356557773562456836654759314b316849526e70685a544e4c626a46575744564c546d4d3d223b),
('rhf827bjpgqqdueh30bu51hq9f7l06ev', '42.115.71.245', 1513601277, 0x5f5f63695f6c6173745f726567656e65726174657c693a313531333630313236333b),
('jps40d61sv6995en93o9d3edtqr0erka', '42.115.71.245', 1513601348, 0x5f5f63695f6c6173745f726567656e65726174657c693a313531333630313238383b656e63727970745f757365725f646174617c733a3137323a22534564685932316b4d7a4e765930316b5746564454566459546b3142543359334d466c30626b3546637a4e7a524852474e314a6957485a6e62324a7953474535617a5276626d7846536e497756554e3457464d7853445669525842435956464257484e6d4e6b4e325332704d52585273553151315932644252474e4d596c42575a32706d656d315759693948565868686543737255564e6f6256464d61437478636e6332525759315447513d223b),
('5k7u7dvlqtchc7pit3mdfstrvj8vv9gk', '124.248.166.236', 1513601781, 0x5f5f63695f6c6173745f726567656e65726174657c693a313531333630313738313b),
('hvo2tvtj84rmgdivs6fk8ehhqu3eog6s', '124.248.166.236', 1513601783, 0x5f5f63695f6c6173745f726567656e65726174657c693a313531333630313738313b),
('2jhmuojs3mkng5b8em9mdlssc4ik7345', '42.115.71.245', 1513601790, 0x5f5f63695f6c6173745f726567656e65726174657c693a313531333630313739303b656e63727970745f757365725f646174617c733a3137323a22534564685932316b4d7a4e765930316b5746564454566459546b3142543359334d466c30626b3546637a4e7a524852474e314a6957485a6e62324a7953474535617a5276626d7846536e497756554e3457464d7853445669525842435956464257484e6d4e6b4e325332704d52585273553151315932644252474e4d596c42575a32706d656d315759693948565868686543737255564e6f6256464d61437478636e6332525759315447513d223b),
('r0ek15alfi5jf7bvuej6ot70sk4fge2u', '42.115.71.245', 1513602180, 0x5f5f63695f6c6173745f726567656e65726174657c693a313531333630323132363b656e63727970745f757365725f646174617c733a3137323a22534564685932316b4d7a4e765930316b5746564454566459546b3142543359334d466c30626b3546637a4e7a524852474e314a6957485a6e62324a7953474535617a5276626d7846536e497756554e3457464d7853445669525842435956464257484e6d4e6b4e325332704d52585273553151315932644252474e4d596c42575a32706d656d315759693948565868686543737255564e6f6256464d61437478636e6332525759315447513d223b),
('nits1b5ekdimpl9o2lr6fdbai7qle3e1', '202.53.145.138', 1513607080, 0x5f5f63695f6c6173745f726567656e65726174657c693a313531333630373038303b656e63727970745f757365725f646174617c733a3137323a22534564685932316b4d7a4e765930316b5746564454566459546b3142543359334d466c30626b3546637a4e7a524852474e314a6957485a6e62324a7953474535617a5276626d7846536e497756554e3457464d7853445669525842435956464257484e6d4e6b4e325332704d52585273553151315932644252474e4d596c42575a32706d656d315759693948565868686543737255564e6f6256464d61437478636e6332525759315447513d223b),
('ie9gnh1di0vavp8no1inftschbn2qnbf', '203.144.93.77', 1513618855, 0x5f5f63695f6c6173745f726567656e65726174657c693a313531333631383835353b),
('oa2r4m3vgtdqjh1i05freq2me7tkrgjf', '66.102.6.7', 1513658140, 0x5f5f63695f6c6173745f726567656e65726174657c693a313531333635383134303b),
('deuv9816j3dmsltd40bq7kkkbnnhau1r', '146.88.204.138', 1513673088, 0x5f5f63695f6c6173745f726567656e65726174657c693a313531333637323835383b),
('sa92tvqv0l0asu1p0qukbakia202i104', '101.226.233.148', 1513672860, 0x5f5f63695f6c6173745f726567656e65726174657c693a313531333637323836303b),
('1a03b50qat82ivs5guijlpt3ddqhlje0', '58.247.212.98', 1513672868, 0x5f5f63695f6c6173745f726567656e65726174657c693a313531333637323836383b),
('jnkb6diadsfefs6qmfv44vmgma8ggmmm', '101.226.233.144', 1513672912, 0x5f5f63695f6c6173745f726567656e65726174657c693a313531333637323931323b),
('goairho40ocn93g94ogb90m6iqs4bq1i', '146.88.204.138', 1513672976, 0x5f5f63695f6c6173745f726567656e65726174657c693a313531333637323931333b),
('maaanf9kv1l3r43gvjj1r45mau4rb5tg', '120.204.17.73', 1513672961, 0x5f5f63695f6c6173745f726567656e65726174657c693a313531333637323936313b),
('iokualvo0skcut6hpkpgtkr2nkms5g21', '117.20.112.64', 1513686558, 0x5f5f63695f6c6173745f726567656e65726174657c693a313531333638363535353b),
('nltvk6tpd1tch5ib2fdc1bf2hrd5j7qp', '66.102.6.7', 1513744612, 0x5f5f63695f6c6173745f726567656e65726174657c693a313531333734343631323b),
('ratndtgqobcs6tjm21nrqejgvc5osbgn', '203.104.145.49', 1513811207, 0x5f5f63695f6c6173745f726567656e65726174657c693a313531333831313230373b),
('jl0e9gom5vbcsf432jh7em53itb82nfo', '117.20.114.201', 1513815661, 0x5f5f63695f6c6173745f726567656e65726174657c693a313531333831353635343b),
('j28hp4llp9f3nf20pepv390okclqk70a', '64.233.172.167', 1513844785, 0x5f5f63695f6c6173745f726567656e65726174657c693a313531333834343738353b),
('20dob0pnvg8r2rksbkalt6vmufvedasm', '42.115.19.246', 1513846452, 0x5f5f63695f6c6173745f726567656e65726174657c693a313531333834363430393b),
('i0qqa16qla9l8mdc9pr9b6bjbhmc7ut5', '117.20.113.91', 1513914532, 0x5f5f63695f6c6173745f726567656e65726174657c693a313531333931343533323b),
('lk0u6g512qsb1ear15ku820fskg2kt7t', '117.20.113.91', 1513914532, 0x5f5f63695f6c6173745f726567656e65726174657c693a313531333931343533323b),
('ll4nc8h6cf5729logh9s5sijb3gf0md0', '42.115.19.48', 1513915511, 0x5f5f63695f6c6173745f726567656e65726174657c693a313531333931353531313b),
('aoovemm633j42kfuduam8lehb4kl67e6', '117.20.113.91', 1513915754, 0x5f5f63695f6c6173745f726567656e65726174657c693a313531333931353735343b),
('oa1t62r6slrqir747o73tt53ajt3s13b', '117.20.113.91', 1513915754, 0x5f5f63695f6c6173745f726567656e65726174657c693a313531333931353735343b),
('mku12bibqhudnvaslju275k4adrtotn9', '42.115.19.48', 1513916041, 0x5f5f63695f6c6173745f726567656e65726174657c693a313531333931363033343b),
('jcoh00o9nv3bp9jilivo4n1m7kds7b9g', '117.20.113.91', 1513916750, 0x5f5f63695f6c6173745f726567656e65726174657c693a313531333931363735303b),
('q3ganpashie1d6ctqbvitmpo9nrkujm8', '117.20.113.91', 1513916750, 0x5f5f63695f6c6173745f726567656e65726174657c693a313531333931363735303b),
('1a2mullbr0laume1f07bmqjqn8cc5vc2', '117.20.113.94', 1513925764, 0x5f5f63695f6c6173745f726567656e65726174657c693a313531333932353732313b),
('aralb0ddnj3gur8mcmc2enecrpbagtrs', '66.102.6.5', 1513931686, 0x5f5f63695f6c6173745f726567656e65726174657c693a313531333933313638363b),
('q39f8r3ht027rue8pffn2er0b3fn4mtu', '122.130.224.56', 1513995727, 0x5f5f63695f6c6173745f726567656e65726174657c693a313531333939353732373b),
('mhgec470a9a5j2nijhilu2vg75om2kq6', '42.115.19.48', 1514015037, 0x5f5f63695f6c6173745f726567656e65726174657c693a313531343031353033363b),
('bhuob5ilf4r6fr212p3bu2bqdth82iuu', '203.144.93.10', 1514025681, 0x5f5f63695f6c6173745f726567656e65726174657c693a313531343032353638313b),
('2737v4552p9t5dfko6n4504c134hu3hs', '101.226.65.107', 1514025689, 0x5f5f63695f6c6173745f726567656e65726174657c693a313531343032353638393b),
('ddd1atunlgb2c3ifvcpe8ucf1st710o0', '120.204.17.69', 1514025738, 0x5f5f63695f6c6173745f726567656e65726174657c693a313531343032353733383b),
('14ehqu3c0l0t522266klqa6192virdc9', '66.102.6.3', 1514030646, 0x5f5f63695f6c6173745f726567656e65726174657c693a313531343033303634363b),
('lhu6etl2hcgvs25tf31gv91gno2q3gnp', '66.102.6.3', 1514122855, 0x5f5f63695f6c6173745f726567656e65726174657c693a313531343132323835353b),
('ok0htjn3jm9p8k44768d4b0ikcet04sj', '203.176.130.117', 1514176761, 0x5f5f63695f6c6173745f726567656e65726174657c693a313531343137363736313b),
('jc4i6dajm5c09ntk5cvj9l6q27f8ll27', '66.102.6.3', 1514210304, 0x5f5f63695f6c6173745f726567656e65726174657c693a313531343231303330343b),
('aiskrgi1eo74h3d23bdpquhcbo8bba7a', '203.176.130.117', 1514252835, 0x5f5f63695f6c6173745f726567656e65726174657c693a313531343235323833353b),
('jq9o476hbsp3vliuhc7jkhgtsas0vddm', '120.92.11.126', 1514257315, 0x5f5f63695f6c6173745f726567656e65726174657c693a313531343235373331353b),
('bs99rjpqpa3pt6t398h30eifc9db0qg8', '117.20.115.75', 1514258190, 0x5f5f63695f6c6173745f726567656e65726174657c693a313531343235383133313b),
('nlgm815frvv374bgg0qicdh7lcnp70un', '120.204.17.73', 1514258477, 0x5f5f63695f6c6173745f726567656e65726174657c693a313531343235383437373b),
('dk7fjhegu2sm70sc6hg1rk85s79mr8e0', '66.102.6.3', 1514348959, 0x5f5f63695f6c6173745f726567656e65726174657c693a313531343334383935393b),
('rbqfu4tp2hoqsvv9sd0p5932g97mt4l6', '117.20.117.142', 1514387845, 0x5f5f63695f6c6173745f726567656e65726174657c693a313531343338373834353b),
('v9jl7a758mvpfacghhgt7ojbkekru17m', '117.20.117.142', 1514388937, 0x5f5f63695f6c6173745f726567656e65726174657c693a313531343338383933373b),
('uq3vt62rl7pkv038fioo45g4plb89ogk', '116.212.138.3', 1514389208, 0x5f5f63695f6c6173745f726567656e65726174657c693a313531343338393230383b),
('d4nkk58t633bvgs7supk94l6malnfhm9', '183.61.51.53', 1514389254, 0x5f5f63695f6c6173745f726567656e65726174657c693a313531343338393235343b),
('tsngk3dt8ef5etaoumommsogt51qpij3', '121.51.32.144', 1514389271, 0x5f5f63695f6c6173745f726567656e65726174657c693a313531343338393237313b),
('pbd6n59eudolaiju5ps1o2k4c3v7e7ii', '36.37.235.225', 1514389753, 0x5f5f63695f6c6173745f726567656e65726174657c693a313531343338393733353b),
('t6f0jrkdge18aace2u0pkid1ahqqdcs4', '117.20.117.142', 1514389755, 0x5f5f63695f6c6173745f726567656e65726174657c693a313531343338393735353b),
('pp4u4s8q4frsmjt6ca1309ofg7kg4pdt', '183.192.201.97', 1514389814, 0x5f5f63695f6c6173745f726567656e65726174657c693a313531343338393831343b),
('er6oqne1inip350mhsdv71im313jkml8', '36.37.233.193', 1514405484, 0x5f5f63695f6c6173745f726567656e65726174657c693a313531343430353438343b),
('ctljckqqja6lvvgipkbpuplf2p3ca153', '146.88.204.138', 1514433565, 0x5f5f63695f6c6173745f726567656e65726174657c693a313531343433333536353b),
('glfhqnvj81k8g5rmv2svoletndaequid', '58.247.212.98', 1514433625, 0x5f5f63695f6c6173745f726567656e65726174657c693a313531343433333632353b),
('8sashi8sh65t13pulg7pdssusn1bmpto', '66.102.6.5', 1514436006, 0x5f5f63695f6c6173745f726567656e65726174657c693a313531343433363030363b),
('k7dg75l4pga3a6rpom3t1fijptvg8ctb', '146.88.204.138', 1514480999, 0x5f5f63695f6c6173745f726567656e65726174657c693a313531343438303933333b),
('i6rqh9b200pqr892q0e33a34v8ltao02', '120.204.17.67', 1514481047, 0x5f5f63695f6c6173745f726567656e65726174657c693a313531343438313034373b),
('2ahem5cn5hvsljgmtfi6at4ga7fte7j7', '120.204.17.68', 1514481059, 0x5f5f63695f6c6173745f726567656e65726174657c693a313531343438313035393b),
('hubo0p9firfv3spo6hmdrfhffuhf4o2j', '117.20.112.75', 1514507562, 0x5f5f63695f6c6173745f726567656e65726174657c693a313531343530373535393b),
('ekoardj9md6f11ou1dldga2btcebj29u', '103.12.161.74', 1514515854, 0x5f5f63695f6c6173745f726567656e65726174657c693a313531343531353834373b),
('tqo2abmugeo6co24d740v3fen69t6nik', '103.12.161.74', 1514516628, 0x5f5f63695f6c6173745f726567656e65726174657c693a313531343531363335373b),
('tc3eorbpq15quabp9molhsj0c3sfmlon', '66.102.6.3', 1514522993, 0x5f5f63695f6c6173745f726567656e65726174657c693a313531343532323939333b),
('p17giraoho633qko2amfdqhi7o0d7c6s', '103.197.107.137', 1514554783, 0x5f5f63695f6c6173745f726567656e65726174657c693a313531343535343738333b),
('1pufa2l068jnofkon9kn14qlbklahka5', '66.102.6.5', 1514612205, 0x5f5f63695f6c6173745f726567656e65726174657c693a313531343631323230353b),
('ao92lv8h71dp91knfuqg10bn7hfev40j', '103.197.107.175', 1514615491, 0x5f5f63695f6c6173745f726567656e65726174657c693a313531343631353332323b),
('k7lmgp9d7c9a8bsk9u4as8pci5d3tuum', '120.204.17.71', 1514615380, 0x5f5f63695f6c6173745f726567656e65726174657c693a313531343631353338303b),
('iksj650mq2nesm4orl7u7eogl7osfplr', '103.197.107.175', 1514615815, 0x5f5f63695f6c6173745f726567656e65726174657c693a313531343631353831353b),
('tmf4t2lnqd7ib7utib26430j3gk5lrcg', '103.197.107.175', 1514615891, 0x5f5f63695f6c6173745f726567656e65726174657c693a313531343631353839313b),
('u1p86hkepeai4l4a6p60d5pvgecvei5p', '66.220.146.28', 1514618995, 0x5f5f63695f6c6173745f726567656e65726174657c693a313531343631383939353b),
('c5hjq0tjp2navs25vn84ju2ctilpgfh3', '42.115.71.153', 1514619063, 0x5f5f63695f6c6173745f726567656e65726174657c693a313531343631383939353b),
('cob5ej5q6usb7h6thae3esmbs13gead5', '66.220.148.165', 1514618995, 0x5f5f63695f6c6173745f726567656e65726174657c693a313531343631383939353b),
('30hgl94kkpc0su36mks9t2irtooo5k97', '36.37.199.234', 1514626261, 0x5f5f63695f6c6173745f726567656e65726174657c693a313531343632363236313b),
('ir0c53e3cvvroeah5b30l6ajbtb412vm', '117.20.113.63', 1514693552, 0x5f5f63695f6c6173745f726567656e65726174657c693a313531343639333531363b),
('pke1kqkge5oa4bh2j5iipslr4krjhv81', '203.144.92.114', 1514696144, 0x5f5f63695f6c6173745f726567656e65726174657c693a313531343639363134343b),
('u3fubt3ra079lkf6vkcjcl1g2krujf0b', '66.102.6.3', 1514709702, 0x5f5f63695f6c6173745f726567656e65726174657c693a313531343730393730323b),
('k7s97mkiihcgj9sv70loukc717rep6re', '42.115.45.43', 1514710844, 0x5f5f63695f6c6173745f726567656e65726174657c693a313531343731303834343b),
('aeqlq094gf4ehbh4a5b4efbljc4ealud', '66.102.6.3', 1514865870, 0x5f5f63695f6c6173745f726567656e65726174657c693a313531343836353837303b),
('jcesopd18ktuk4fet0b1auct1t5rq0av', '146.88.204.138', 1514886814, 0x5f5f63695f6c6173745f726567656e65726174657c693a313531343838363539393b),
('0ebcc6alpeurfgkqa1k5u9osugopv0es', '183.192.201.97', 1514886659, 0x5f5f63695f6c6173745f726567656e65726174657c693a313531343838363635393b),
('7hjep6qq62rtoms9oeb07hjp2plq839q', '101.226.65.107', 1514887135, 0x5f5f63695f6c6173745f726567656e65726174657c693a313531343838373133353b),
('8qsgn79bt3ntjvqptfo84u1u9q02sjmr', '203.176.130.6', 1514947914, 0x5f5f63695f6c6173745f726567656e65726174657c693a313531343934373931343b),
('4vd5rnf6t37ihl580t2qfkk7c5e89buo', '64.233.172.162', 1514952394, 0x5f5f63695f6c6173745f726567656e65726174657c693a313531343935323339343b),
('g5ppk9sa4o89o47im3i5sn5m1td8n0qr', '36.37.221.174', 1514989720, 0x5f5f63695f6c6173745f726567656e65726174657c693a313531343938393732303b),
('2cosn5alni3gpecmel3i3o6gdbl4joji', '120.204.17.73', 1514989779, 0x5f5f63695f6c6173745f726567656e65726174657c693a313531343938393737393b),
('3heclas01lu9o589gi6fql5uhuvodjbs', '120.92.11.92', 1515029745, 0x5f5f63695f6c6173745f726567656e65726174657c693a313531353032393734353b),
('v35bnbsphikthsct799u42psop37u7r5', '120.204.17.73', 1515030818, 0x5f5f63695f6c6173745f726567656e65726174657c693a313531353033303831383b),
('j4q61susa5rdh9805kqcffdip4jkldrv', '66.102.6.98', 1515040499, 0x5f5f63695f6c6173745f726567656e65726174657c693a313531353034303439393b),
('p7gi15far5g595uhlnu3g8c1af2htq2d', '64.233.172.165', 1515133645, 0x5f5f63695f6c6173745f726567656e65726174657c693a313531353133333634353b),
('k7ci6fjdc2rv7h24n25su9rdr5rpevdc', '203.144.92.25', 1515215922, 0x5f5f63695f6c6173745f726567656e65726174657c693a313531353231353932323b),
('mcr0bljirf1aj3bjak5itmb9d7165gkg', '173.252.95.17', 1515215969, 0x5f5f63695f6c6173745f726567656e65726174657c693a313531353231353936393b),
('t18kdqt6fad2t63onr8aqsr5or1ntdkr', '203.144.92.25', 1515217385, 0x5f5f63695f6c6173745f726567656e65726174657c693a313531353231373338353b),
('89cu2t257j6s5ojvnlmaq09skfaolcnd', '64.233.172.175', 1515223274, 0x5f5f63695f6c6173745f726567656e65726174657c693a313531353232333237343b),
('qoi4tmmcgdagtioj4cpc6p8btasf8nja', '117.20.118.49', 1515243651, 0x5f5f63695f6c6173745f726567656e65726174657c693a313531353234333635313b),
('b9h6so7cojeis86la5mk9i5jf0g00ivs', '64.233.172.162', 1515325152, 0x5f5f63695f6c6173745f726567656e65726174657c693a313531353332353135323b),
('ilfbpaj0sd5ij6r8u708fl82e5nm9rmc', '203.189.147.129', 1515347895, 0x5f5f63695f6c6173745f726567656e65726174657c693a313531353334373839353b),
('83bl4qbfs1pa7reompka6nse2esjnihi', '203.189.147.129', 1515374655, 0x5f5f63695f6c6173745f726567656e65726174657c693a313531353337343635353b),
('rcvo0uikufmahrd38sf11p7ecpvto973', '117.20.113.87', 1515423650, 0x5f5f63695f6c6173745f726567656e65726174657c693a313531353432333635303b),
('6vrl3j5fib5gf7nd2bi1amqebn5pjlj0', '66.102.6.5', 1515433796, 0x5f5f63695f6c6173745f726567656e65726174657c693a313531353433333739363b),
('uglj6f83tcdr4u7i6kpjvbop5gfilegf', '103.12.161.74', 1515480400, 0x5f5f63695f6c6173745f726567656e65726174657c693a313531353438303430303b),
('j1itjgap19uj95b1ic6bauntthpv64ce', '203.144.92.225', 1515501336, 0x5f5f63695f6c6173745f726567656e65726174657c693a313531353530313333363b),
('41c80biigvnnee72tt9a2spj035rd7j6', '117.20.118.216', 1515507344, 0x5f5f63695f6c6173745f726567656e65726174657c693a313531353530373334343b),
('qr77fr8pjph6leu58ekg9eoc0kc40acj', '117.20.118.216', 1515507964, 0x5f5f63695f6c6173745f726567656e65726174657c693a313531353530373936343b),
('g8ebogcngbi6pskflu5e214spdo6la17', '124.248.167.105', 1515512331, 0x5f5f63695f6c6173745f726567656e65726174657c693a313531353531323333313b),
('fu3id87nmmg8sj6gg7jqakdktl8ifojh', '64.233.172.162', 1515551959, 0x5f5f63695f6c6173745f726567656e65726174657c693a313531353535313935393b),
('e7li8uatnsts83g9ud2l2lf57gonmruj', '203.189.147.129', 1515577819, 0x5f5f63695f6c6173745f726567656e65726174657c693a313531353537373831393b),
('b0ef6m9n050tsuvj2pro2fi4io9l2hrs', '64.233.172.167', 1515649810, 0x5f5f63695f6c6173745f726567656e65726174657c693a313531353634393831303b),
('tmubon9gfjhc91o4topmac23fjgmpv7k', '103.12.161.74', 1515662693, 0x5f5f63695f6c6173745f726567656e65726174657c693a313531353636323532343b),
('bg1g12lf0bm1cpt5s8nbtj900t6c92pf', '103.12.161.74', 1515663185, 0x5f5f63695f6c6173745f726567656e65726174657c693a313531353636333138353b),
('hi09h0imvm32futa7mjoeq0i0q7lr6r4', '64.233.172.162', 1515684418, 0x5f5f63695f6c6173745f726567656e65726174657c693a313531353638343431383b),
('3avund3vlc3hrd3ahm0ro04i3i5nea77', '66.102.6.5', 1515732020, 0x5f5f63695f6c6173745f726567656e65726174657c693a313531353733323032303b),
('n1f38s4k095v9hulc35lhqeqp8t41qnh', '124.109.17.226', 1515801068, 0x5f5f63695f6c6173745f726567656e65726174657c693a313531353830313036383b),
('6hac4ki3kl7kq9eu3p04lhkf01laq0rj', '203.144.93.227', 1515818362, 0x5f5f63695f6c6173745f726567656e65726174657c693a313531353831383336323b),
('pvb78kiu20n32adp3na2fd95nq8udn6o', '203.144.93.227', 1515818375, 0x5f5f63695f6c6173745f726567656e65726174657c693a313531353831383337353b),
('53t5pikptaf395a9u2bd23pqe303673c', '203.144.93.227', 1515818447, 0x5f5f63695f6c6173745f726567656e65726174657c693a313531353831383434373b),
('d9og3tkjjj3b7spu46v72h8hqvo9qc2n', '42.115.27.90', 1515818547, 0x5f5f63695f6c6173745f726567656e65726174657c693a313531353831383530333b),
('v6agi0aqa3eatibi94532oj59ep5lb2f', '58.247.212.98', 1515818507, 0x5f5f63695f6c6173745f726567656e65726174657c693a313531353831383530373b),
('qrsncjiepdfe0k03dm6gf46sb2u1mlof', '120.204.17.71', 1515818607, 0x5f5f63695f6c6173745f726567656e65726174657c693a313531353831383630373b),
('rbfp412v7r71d1vkc9p8b90rp76732bi', '116.212.139.114', 1516160515, 0x5f5f63695f6c6173745f726567656e65726174657c693a313531363136303531353b),
('asutqrjhdmnbmp43v60bpg5ljep02q32', '203.176.130.6', 1516334740, 0x5f5f63695f6c6173745f726567656e65726174657c693a313531363333343734303b),
('uouuso0c048ekv5499fsfngjbgc3d420', '203.80.171.20', 1516335204, 0x5f5f63695f6c6173745f726567656e65726174657c693a313531363333353230343b),
('acgibcm0t4e3kkq0i8i9of68qcd29f5f', '103.12.161.74', 1516360308, 0x5f5f63695f6c6173745f726567656e65726174657c693a313531363336303330383b),
('0j6cvh29u60tusj3lb3ds1rmliv29r8c', '203.80.171.19', 1516443327, 0x5f5f63695f6c6173745f726567656e65726174657c693a313531363434333330363b),
('8h34h11t5ltc9bl0s28sstovrkj5c91n', '203.80.171.19', 1516445841, 0x5f5f63695f6c6173745f726567656e65726174657c693a313531363434353833383b),
('4h7tft63d2glmcrcoq8us3t819ern1bv', '103.12.161.74', 1516530631, 0x5f5f63695f6c6173745f726567656e65726174657c693a313531363533303633313b),
('tqdmtk4c0jnbh89r2kgqms97pib60uqn', '107.167.112.74', 1516536400, 0x5f5f63695f6c6173745f726567656e65726174657c693a313531363533363334343b),
('4ncoa87n895j5havmimtt14vcmrs0ce8', '203.144.92.11', 1516542824, 0x5f5f63695f6c6173745f726567656e65726174657c693a313531363534323738323b),
('ckq8nk9ri29ipfpb692au6a2rd6bvhsc', '107.167.112.74', 1516550468, 0x5f5f63695f6c6173745f726567656e65726174657c693a313531363535303436383b),
('4jau5580keh35cbgrr0sstv0ki0sccv1', '203.144.92.11', 1516551832, 0x5f5f63695f6c6173745f726567656e65726174657c693a313531363535313833323b),
('nkvlsv5sp60iosfmcsdtlkta3heflgen', '203.176.130.6', 1516849152, 0x5f5f63695f6c6173745f726567656e65726174657c693a313531363834393135323b),
('blrtnn8ievk7qlljub1nq4dt9815ptnk', '203.189.156.196', 1517100145, 0x5f5f63695f6c6173745f726567656e65726174657c693a313531373130303134353b),
('ig0dc2k515p11op9oe6tbo79v3smqnv3', '203.144.93.181', 1517309223, 0x5f5f63695f6c6173745f726567656e65726174657c693a313531373330393232333b),
('fgurmeminqfs2fhmrt3sqo6j0bt6sno5', '203.176.130.6', 1517566322, 0x5f5f63695f6c6173745f726567656e65726174657c693a313531373536363332323b);

-- --------------------------------------------------------

--
-- 資料表結構 `food`
--

DROP TABLE IF EXISTS `food`;
CREATE TABLE `food` (
  `f_id` int(11) NOT NULL,
  `f_name` varchar(50) NOT NULL,
  `f_description` text NOT NULL,
  `ca_id` int(11) NOT NULL,
  `f_status` enum('sale_out','sale_on','sale_off','') NOT NULL DEFAULT 'sale_on',
  `f_large_price` decimal(7,2) NOT NULL DEFAULT '1.00',
  `f_medium_price` decimal(7,2) DEFAULT '1.00',
  `f_small_price` decimal(7,2) DEFAULT '1.00',
  `f_is_del` enum('0','1') DEFAULT '0',
  `f_order` int(11) DEFAULT '0'
) ENGINE=InnoDB DEFAULT CHARSET=utf8;

--
-- 資料表的匯出資料 `food`
--

INSERT INTO `food` (`f_id`, `f_name`, `f_description`, `ca_id`, `f_status`, `f_large_price`, `f_medium_price`, `f_small_price`, `f_is_del`, `f_order`) VALUES
(2, 'Ebi-ten Sushi', 'Tempura shrimp, vege, egg, Mayonese,sauce,', 1, 'sale_out', '3.00', '1.00', '1.00', '0', 0),
(3, 'TERIYAKI Sushi ', 'TERIYAKI chicken, Egg, Vege, Mayonese', 1, 'sale_out', '3.00', '1.00', '1.00', '0', 0),
(4, 'Ebi salad Sushi', 'Shrimp . Salad. Egg. Mayonese .', 1, 'sale_out', '3.50', '1.00', '1.00', '0', 0),
(5, 'Tuna Sushi', 'Tuna, Vege, Egg, Mayonese,', 1, 'sale_out', '3.00', '1.00', '1.00', '0', 0),
(6, 'Salad sushi', 'Salad , egg, crabmeat , mayonese,', 1, 'sale_out', '2.75', '1.00', '1.00', '0', 0),
(7, 'TERIYAKI  BENTO', 'Teriyaki chicken', 2, 'sale_out', '3.00', '1.00', '1.00', '0', 0),
(8, 'Tonkatu BENTO', 'Breadcrumbs pork ', 2, 'sale_out', '3.00', '1.00', '1.00', '0', 0),
(9, 'Pork sparerib BENTO', 'Pork Sparerib ', 2, 'sale_out', '3.50', '1.00', '1.00', '0', 0),
(10, 'EBI BENTO', 'Breadcrumbs shrimp ', 2, 'sale_out', '3.90', '1.00', '1.00', '0', 0),
(11, 'Fried chicken BENTO', 'Fried chicken', 2, 'sale_out', '3.50', '1.00', '1.00', '0', 0),
(12, 'Fried Chicken', 'Fried Chicke', 2, 'sale_out', '3.00', '1.00', '1.00', '0', 0),
(13, 'Teriyaki chicken', 'Teriyaki chicken', 3, 'sale_out', '2.00', '1.00', '1.00', '0', 0),
(14, 'Chicken wing', 'Fried Chicken wing  x 4pc', 3, 'sale_out', '3.00', '1.00', '1.00', '0', 0),
(15, 'Tonkatsu ', 'Pork breadcrumbs ', 3, 'sale_out', '2.00', '1.00', '1.00', '0', 0),
(16, 'EBI ten', 'Fried shrimp', 3, 'sale_out', '2.50', '1.00', '1.00', '0', 0),
(17, 'Fish ball', 'Fish ball', 3, 'sale_out', '2.50', '1.00', '1.00', '0', 0),
(18, 'Fried potato', 'Potato', 3, 'sale_out', '2.00', '1.00', '1.00', '0', 0),
(19, 'Pork Sparerib bbq', 'Pork spareribs bbq', 3, 'sale_out', '2.50', '1.00', '1.00', '0', 0),
(20, 'Pumpkin soup', 'Pumpkin ', 3, 'sale_out', '1.50', '1.00', '1.00', '0', 0),
(21, 'Cake-1', 'Chocolate cake', 4, 'sale_out', '3.00', '1.00', '1.00', '0', 0),
(22, 'Cake-2', 'NY cheese cake', 4, 'sale_out', '3.00', '1.00', '1.00', '0', 0),
(23, 'Cake-3', 'Fruit cake', 4, 'sale_out', '3.00', '1.00', '1.00', '0', 0),
(24, 'Ebi Sandwich', 'Breadcrumbs Shrimp', 5, 'sale_out', '3.00', '1.00', '1.00', '0', 0),
(25, 'TERIYAKI Sandwich', 'Teriyaki chicken & egg', 5, 'sale_out', '2.50', '1.00', '1.00', '0', 0),
(26, 'Tonkatsu sandwich ', 'Pork breadcrumbs ', 5, 'sale_out', '2.00', '1.00', '1.00', '0', 0),
(27, 'Beer', '', 6, 'sale_out', '0.75', '1.00', '1.00', '0', 0),
(28, 'cocacola', '', 6, 'sale_out', '1.00', '1.00', '1.00', '0', 0),
(29, 'Sprite', '', 6, 'sale_out', '1.00', '1.00', '1.00', '0', 0),
(30, 'Fanta ', '', 6, 'sale_out', '1.00', '1.00', '1.00', '0', 0),
(31, 'Fruit juice ', '', 6, 'sale_out', '1.50', '1.00', '1.00', '0', 0),
(32, 'Water', '', 6, 'sale_out', '0.50', '1.00', '1.00', '0', 0),
(33, 'ABC', 'beer', 0, 'sale_on', '1.00', '1.00', '1.00', '0', 0);

-- --------------------------------------------------------

--
-- 資料表結構 `order_detail`
--

DROP TABLE IF EXISTS `order_detail`;
CREATE TABLE `order_detail` (
  `o_id` varchar(16) NOT NULL,
  `od_item_index` int(11) NOT NULL,
  `f_id` int(11) NOT NULL,
  `od_num` int(11) NOT NULL,
  `od_price` decimal(7,2) NOT NULL,
  `od_discount` double(3,2) NOT NULL DEFAULT '1.00',
  `od_add_datetime` datetime NOT NULL,
  `od_upd_datetime` datetime DEFAULT NULL,
  `od_is_del` varchar(1) NOT NULL DEFAULT '0'
) ENGINE=InnoDB DEFAULT CHARSET=utf8;

--
-- 資料表的匯出資料 `order_detail`
--

INSERT INTO `order_detail` (`o_id`, `od_item_index`, `f_id`, `od_num`, `od_price`, `od_discount`, `od_add_datetime`, `od_upd_datetime`, `od_is_del`) VALUES
('20171121000001', 1, 5, 1, '25.00', 1.00, '2017-11-21 18:07:47', NULL, '0'),
('20171122000001', 1, 6, 1, '7.97', 1.00, '2017-11-22 14:09:41', NULL, '0'),
('20171124000001', 1, 6, 1, '7.97', 1.00, '2017-11-24 22:57:48', NULL, '0'),
('20171125000001', 1, 6, 1, '7.97', 1.00, '2017-11-25 19:07:11', NULL, '0'),
('20171125000002', 1, 5, 1, '25.00', 1.00, '2017-11-25 19:11:35', NULL, '0'),
('20171125000003', 1, 6, 2, '7.97', 1.00, '2017-11-25 19:15:37', NULL, '0'),
('20171126000001', 1, 5, 1, '25.00', 1.00, '2017-11-26 12:56:42', NULL, '0'),
('20171126000002', 1, 4, 1, '9.50', 1.00, '2017-11-26 12:59:12', NULL, '0'),
('20171126000003', 1, 5, 1, '25.00', 1.00, '2017-11-26 13:01:32', NULL, '0'),
('20171201000001', 1, 5, 1, '25.00', 1.00, '2017-12-01 18:04:12', NULL, '0'),
('20171202000001', 1, 2, 1, '13.90', 1.00, '2017-12-02 18:53:47', NULL, '0'),
('20171214000001', 1, 6, 1, '2.75', 1.00, '2017-12-14 18:13:13', NULL, '0'),
('20171215000001', 1, 5, 1, '3.00', 1.00, '2017-12-15 13:30:32', NULL, '0'),
('20171215000002', 1, 5, 1, '3.00', 1.00, '2017-12-15 13:32:03', NULL, '0'),
('20171215000003', 1, 2, 1, '3.00', 1.00, '2017-12-15 13:32:22', NULL, '0'),
('20171215000004', 1, 5, 1, '3.00', 1.00, '2017-12-15 13:32:55', NULL, '0'),
('20171215000005', 1, 5, 1, '3.00', 1.00, '2017-12-15 13:33:02', NULL, '0'),
('20171215000006', 1, 5, 1, '3.00', 1.00, '2017-12-15 13:33:08', NULL, '0'),
('20171215000007', 1, 5, 1, '3.00', 1.00, '2017-12-15 13:36:57', NULL, '0'),
('20171215000008', 1, 5, 1, '3.00', 1.00, '2017-12-15 13:37:09', NULL, '0'),
('20171215000009', 1, 5, 1, '3.00', 1.00, '2017-12-15 13:38:30', NULL, '0'),
('20171215000010', 1, 5, 1, '3.00', 1.00, '2017-12-15 13:38:38', NULL, '0'),
('20171215000011', 1, 5, 1, '3.00', 1.00, '2017-12-15 13:38:40', NULL, '0'),
('20171215000012', 1, 11, 1, '3.50', 1.00, '2017-12-15 18:47:52', NULL, '0'),
('20171215000013', 1, 5, 1, '3.00', 1.00, '2017-12-15 21:06:08', NULL, '0'),
('20171216000001', 1, 12, 1, '3.00', 1.00, '2017-12-16 12:42:51', NULL, '0'),
('20171216000002', 1, 6, 1, '2.75', 1.00, '2017-12-16 12:44:09', NULL, '0'),
('20171216000002', 2, 5, 1, '3.00', 1.00, '2017-12-16 12:44:09', NULL, '0'),
('20171216000003', 1, 12, 1, '3.00', 1.00, '2017-12-16 12:44:57', NULL, '0'),
('20171216000004', 1, 6, 1, '2.75', 1.00, '2017-12-16 20:07:25', NULL, '0'),
('20171218000001', 1, 6, 1, '2.75', 1.00, '2017-12-18 08:43:16', NULL, '0'),
('20171218000002', 1, 6, 0, '2.75', 1.00, '2017-12-18 20:45:39', NULL, '0'),
('20171218000003', 1, 6, 1, '2.75', 1.00, '2017-12-18 20:49:05', NULL, '0'),
('20171218000004', 1, 5, 0, '3.00', 1.00, '2017-12-18 21:02:20', NULL, '0'),
('20171218000005', 1, 5, 1, '3.00', 1.00, '2017-12-18 21:02:57', NULL, '0');

-- --------------------------------------------------------

--
-- 資料表結構 `order_list`
--

DROP TABLE IF EXISTS `order_list`;
CREATE TABLE `order_list` (
  `o_id` varchar(16) NOT NULL,
  `o_datetime` datetime NOT NULL,
  `o_del` char(1) NOT NULL DEFAULT '0',
  `o_updatetime` datetime DEFAULT NULL,
  `u_id` int(11) NOT NULL DEFAULT '0',
  `o_status` int(1) UNSIGNED NOT NULL DEFAULT '1',
  `o_consignee` varchar(30) NOT NULL,
  `o_phone` varchar(30) NOT NULL,
  `o_messge` text NOT NULL,
  `o_position_id` int(11) DEFAULT NULL
) ENGINE=InnoDB DEFAULT CHARSET=utf8;

--
-- 資料表的匯出資料 `order_list`
--

INSERT INTO `order_list` (`o_id`, `o_datetime`, `o_del`, `o_updatetime`, `u_id`, `o_status`, `o_consignee`, `o_phone`, `o_messge`, `o_position_id`) VALUES
('20171121000001', '2017-11-21 18:07:47', '0', NULL, 41, 2, 'tryion', '016995372', 'demodemodemodemodemodemodemodemodemodemodemodemodemo', 2),
('20171122000001', '2017-11-22 14:09:41', '0', NULL, 41, 1, '111', '229800232', '1111', 1),
('20171124000001', '2017-11-24 22:57:48', '0', NULL, 41, 1, 'tryion', '229800232', 'qqq', 0),
('20171125000001', '2017-11-25 19:07:11', '0', NULL, 42, 1, 'Tomo', '123456780', 'Ddddd', 1),
('20171125000002', '2017-11-25 19:11:35', '0', NULL, 43, 2, '1111', '111111', '111111', 2),
('20171125000003', '2017-11-25 19:15:37', '0', NULL, 41, 2, 'qqqq', '229800232', 'drrf', 1),
('20171126000001', '2017-11-26 12:56:42', '0', NULL, 41, 2, '11111', '1111', '111111111111111', 2),
('20171126000002', '2017-11-26 12:59:12', '0', NULL, 41, 1, '111111', '11111', '111111', 0),
('20171126000003', '2017-11-26 13:01:32', '0', NULL, 41, 1, '111111111', '1111111', '111111111111', 0),
('20171201000001', '2017-12-01 18:04:12', '0', NULL, 39, 1, '111', '11', '1111111111', 1),
('20171202000001', '2017-12-02 18:53:47', '0', NULL, 39, 1, 'aaaaa', 'aaaa', 't', 1),
('20171214000001', '2017-12-14 18:13:13', '0', NULL, 49, 1, '111111111111111111111133311', '233', '111111111', 0),
('20171215000001', '2017-12-15 13:30:32', '0', NULL, 49, 1, '111111111111111111111133311', '233', '111', 0),
('20171215000002', '2017-12-15 13:32:03', '0', NULL, 49, 1, '111111111111111111111133311', '233', '11', 0),
('20171215000003', '2017-12-15 13:32:22', '0', NULL, 49, 1, '111111111111111111111133311', '233', '1', 0),
('20171215000004', '2017-12-15 13:32:55', '0', NULL, 49, 1, '111111111111111111111133311', '233', '11', 0),
('20171215000005', '2017-12-15 13:33:02', '0', NULL, 49, 1, '111111111111111111111133311', '233', '11', 0),
('20171215000006', '2017-12-15 13:33:08', '0', NULL, 49, 1, '111111111111111111111133311', '233', '11', 0),
('20171215000007', '2017-12-15 13:36:57', '0', NULL, 49, 1, '111111111111111111111133311', '233', 'ㄅ11', 1),
('20171215000008', '2017-12-15 13:37:09', '0', NULL, 49, 1, '111111111111111111111133311', '233', '11', 0),
('20171215000009', '2017-12-15 13:38:30', '0', NULL, 49, 1, '111111111111111111111133311', '233', '11', 0),
('20171215000010', '2017-12-15 13:38:38', '0', NULL, 49, 1, '111111111111111111111133311', '233', '11', 0),
('20171215000011', '2017-12-15 13:38:40', '0', NULL, 49, 1, '111111111111111111111133311', '233', '11', 0),
('20171215000012', '2017-12-15 18:47:52', '0', NULL, 49, 3, '111111111111111111111133311', '233', '111', 0),
('20171215000013', '2017-12-15 21:06:08', '0', NULL, 49, 2, '111111111111111111111133311', '233', '11111', 0),
('20171216000001', '2017-12-16 12:42:51', '0', NULL, 49, 2, '111111111111111111111133311', '233', '111', 0),
('20171216000002', '2017-12-16 12:44:09', '0', NULL, 49, 2, '111111111111111111111133311', '233', 'gggg', 0),
('20171216000003', '2017-12-16 12:44:57', '0', NULL, 49, 2, '111111111111111111111133311', '233', 'ghg', 0),
('20171216000004', '2017-12-16 20:07:25', '0', NULL, 49, 2, '111111111111111111111133311', '233', '11111', 0),
('20171218000001', '2017-12-18 08:43:16', '0', NULL, 39, 1, '33', 'aaaa', 'Test', 0),
('20171218000002', '2017-12-18 20:45:39', '0', NULL, 49, 1, '111111111111111111111133311', '233', '1111', 1),
('20171218000003', '2017-12-18 20:49:05', '0', NULL, 49, 1, '111111111111111111111133311', '233', '1111', 1),
('20171218000004', '2017-12-18 21:02:20', '0', NULL, 49, 1, '111111111111111111111133311', '233', '11', 0),
('20171218000005', '2017-12-18 21:02:57', '0', NULL, 49, 1, '111111111111111111111133311', '233', '111', 1);

-- --------------------------------------------------------

--
-- 資料表結構 `order_status`
--

DROP TABLE IF EXISTS `order_status`;
CREATE TABLE `order_status` (
  `os_id` int(1) NOT NULL,
  `os_name` varchar(10) NOT NULL
) ENGINE=InnoDB DEFAULT CHARSET=utf8;

--
-- 資料表的匯出資料 `order_status`
--

INSERT INTO `order_status` (`os_id`, `os_name`) VALUES
(4, 'complete'),
(2, 'cook'),
(3, 'delivery'),
(1, 'order');

-- --------------------------------------------------------

--
-- 資料表結構 `position`
--

DROP TABLE IF EXISTS `position`;
CREATE TABLE `position` (
  `p_id` int(11) NOT NULL,
  `p_name` varchar(50) NOT NULL,
  `p_description` text NOT NULL,
  `p_lat` double NOT NULL,
  `p_lng` double NOT NULL,
  `p_status` enum('open','close') NOT NULL DEFAULT 'open',
  `p_add_datetime` datetime NOT NULL,
  `p_upd_datetime` datetime DEFAULT NULL,
  `p_open_time` time NOT NULL DEFAULT '00:00:00',
  `p_close_time` time NOT NULL DEFAULT '24:00:00'
) ENGINE=InnoDB DEFAULT CHARSET=utf8;

--
-- 資料表的匯出資料 `position`
--

INSERT INTO `position` (`p_id`, `p_name`, `p_description`, `p_lat`, `p_lng`, `p_status`, `p_add_datetime`, `p_upd_datetime`, `p_open_time`, `p_close_time`) VALUES
(1, '金獅', '金獅金獅金獅金獅金獅金獅金獅金獅金獅金獅金獅金獅金獅金獅金獅金獅金獅金獅金獅金獅金獅金獅金獅金獅金獅金獅金獅金獅金獅金獅金獅金獅金獅金獅金獅金獅金獅金獅金獅金獅金獅金獅金獅金獅金獅金獅金獅', 10.6105995, 103.523685, 'open', '0000-00-00 00:00:00', NULL, '00:00:00', '24:00:00'),
(2, '亞多利', '亞多利亞多利亞多利亞多利亞多利亞多利亞多利亞多利亞多利', 10.608676012159956, 103.5246205329895, 'open', '2017-11-21 00:00:00', NULL, '00:00:00', '24:00:00');

-- --------------------------------------------------------

--
-- 資料表結構 `user`
--

DROP TABLE IF EXISTS `user`;
CREATE TABLE `user` (
  `u_id` int(10) UNSIGNED NOT NULL,
  `fb_u_id` bigint(20) UNSIGNED DEFAULT NULL,
  `u_name` varchar(50) DEFAULT NULL,
  `u_passwd` char(32) DEFAULT NULL,
  `u_add_datetime` datetime NOT NULL,
  `u_email` varchar(200) DEFAULT NULL,
  `u_status` enum('del','block','on') NOT NULL DEFAULT 'on',
  `u_reg_type` enum('form','fb') DEFAULT 'form',
  `u_fb_token` varchar(255) DEFAULT NULL,
  `u_consignee` varchar(50) DEFAULT NULL,
  `u_phone` varchar(20) DEFAULT NULL
) ENGINE=InnoDB DEFAULT CHARSET=utf8;

--
-- 資料表的匯出資料 `user`
--

INSERT INTO `user` (`u_id`, `fb_u_id`, `u_name`, `u_passwd`, `u_add_datetime`, `u_email`, `u_status`, `u_reg_type`, `u_fb_token`, `u_consignee`, `u_phone`) VALUES
(3, NULL, 'vavarrm', '1c63129ae9db9c60c3e8aa94d3e00495', '2017-11-07 13:21:20', 'vavarrm@gmail.com', 'on', 'form', NULL, '', ''),
(11, NULL, NULL, NULL, '0000-00-00 00:00:00', NULL, 'on', 'form', NULL, '', ''),
(33, NULL, 'fafafeffe', 'e10adc3949ba59abbe56e057f20f883e', '2017-11-10 16:43:30', 'faefa@gmail.com', 'on', 'form', NULL, '', ''),
(34, NULL, 'fafafe1111ffe', 'e10adc3949ba59abbe56e057f20f883e', '2017-11-10 16:43:47', 'fa1111efa@gmail.com', 'on', NULL, NULL, '', ''),
(35, NULL, 'vavadvddvbb', 'e10adc3949ba59abbe56e057f20f883e', '2017-11-10 16:44:00', 'dvseddvs@gmail.com', 'on', NULL, NULL, '', ''),
(36, NULL, 'vavadvvbbdd', 'e10adc3949ba59abbe56e057f20f883e', '2017-11-10 16:45:09', 'vavarrddm@gmail.com', 'on', NULL, NULL, '', ''),
(39, NULL, 'tryion', '1c63129ae9db9c60c3e8aa94d3e00495', '2017-11-13 09:48:25', 'tryion@gmail.com', 'on', NULL, NULL, '33', 'aaaa'),
(44, NULL, 'test123', '1c63129ae9db9c60c3e8aa94d3e00495', '2017-11-28 13:21:08', 'test123@gmail.com', 'on', NULL, NULL, NULL, NULL),
(46, NULL, 'tryion1', '46f94c8de14fb36680850768ff1b7f2a', '2017-11-28 17:54:47', 'tryion1@gmail.com', 'on', NULL, NULL, NULL, NULL),
(49, 1724916364186844, NULL, 'd41d8cd98f00b204e9800998ecf8427e', '2017-11-28 17:57:53', NULL, 'on', 'fb', NULL, '111111111111111111111133311', '233');

--
-- 已匯出資料表的索引
--

--
-- 資料表索引 `category`
--
ALTER TABLE `category`
  ADD PRIMARY KEY (`ca_name`,`ca_id`);

--
-- 資料表索引 `food`
--
ALTER TABLE `food`
  ADD PRIMARY KEY (`f_id`),
  ADD UNIQUE KEY `f_name` (`f_name`);

--
-- 資料表索引 `order_detail`
--
ALTER TABLE `order_detail`
  ADD PRIMARY KEY (`o_id`,`od_item_index`);

--
-- 資料表索引 `order_list`
--
ALTER TABLE `order_list`
  ADD PRIMARY KEY (`o_id`);

--
-- 資料表索引 `order_status`
--
ALTER TABLE `order_status`
  ADD PRIMARY KEY (`os_id`),
  ADD UNIQUE KEY `os_name` (`os_name`);

--
-- 資料表索引 `position`
--
ALTER TABLE `position`
  ADD PRIMARY KEY (`p_id`);

--
-- 資料表索引 `user`
--
ALTER TABLE `user`
  ADD PRIMARY KEY (`u_id`),
  ADD UNIQUE KEY `fb_u_id` (`fb_u_id`),
  ADD UNIQUE KEY `u_name` (`u_name`),
  ADD UNIQUE KEY `u_email` (`u_email`);

--
-- 在匯出的資料表使用 AUTO_INCREMENT
--

--
-- 使用資料表 AUTO_INCREMENT `food`
--
ALTER TABLE `food`
  MODIFY `f_id` int(11) NOT NULL AUTO_INCREMENT, AUTO_INCREMENT=34;
--
-- 使用資料表 AUTO_INCREMENT `order_status`
--
ALTER TABLE `order_status`
  MODIFY `os_id` int(1) NOT NULL AUTO_INCREMENT, AUTO_INCREMENT=5;
--
-- 使用資料表 AUTO_INCREMENT `position`
--
ALTER TABLE `position`
  MODIFY `p_id` int(11) NOT NULL AUTO_INCREMENT, AUTO_INCREMENT=3;
--
-- 使用資料表 AUTO_INCREMENT `user`
--
ALTER TABLE `user`
  MODIFY `u_id` int(10) UNSIGNED NOT NULL AUTO_INCREMENT, AUTO_INCREMENT=50;COMMIT;

/*!40101 SET CHARACTER_SET_CLIENT=@OLD_CHARACTER_SET_CLIENT */;
/*!40101 SET CHARACTER_SET_RESULTS=@OLD_CHARACTER_SET_RESULTS */;
/*!40101 SET COLLATION_CONNECTION=@OLD_COLLATION_CONNECTION */;
